province,city_name,一九九七,一九九八,一九九九,二零零零,二零零一,二零零二,二零零三,二零零四,二零零五,二零零六,二零零七,二零零八,二零零九,二零一零,二零一一,二零一二,二零一三,总计
安徽,安庆,174.21,166.49,159.09,171.52,181.61,195.73,220.08,264.95,285.38,330.8,398.06,484.02,531.88,694.54,865.84,984.19,1023.01,7131.4
安徽,蚌埠,95.58,102.75,106.37,85,89.07,97.45,97.57,127.93,152.03,176.66,210.71,245.13,252.77,306.7,379.35,438.01,448.45,3411.53
安徽,亳州,126.54,118.99,105.65,102.2,98.48,103.21,108.94,135.3,173.27,192.89,229.62,261.46,282.98,337.2,411.2,469.83,517.07,3774.83
安徽,巢湖,158.52,140.13,130.79,109.29,115.15,120.61,136.13,163.84,202.74,229.98,283.62,344.97,393.4,474.83,571.46,656.34,723.81,4955.61
安徽,池州,30.57,29.46,29.33,30.27,31.84,33.79,37.51,43.51,48,55.92,65.48,82.71,102.87,126.28,158.08,178.9,197.9,1282.42
安徽,滁州,191.15,187.21,201.83,208.47,208.04,218.69,224.18,266.96,238.28,271.68,329.06,385.88,431.4,521.48,637.82,724.85,808.32,6055.3
安徽,阜阳,205.35,190.1,173.55,148.56,148.79,155.2,155.58,191.73,219.07,253.56,309.15,365.71,404.51,478.41,556.59,625.4,690.24,5271.5
安徽,合肥,78.32,63.58,68.27,70.88,74.98,85.13,105.23,128.68,179.81,235.37,309.79,402.56,533.58,658.61,846.67,1039.06,1172,6052.52
安徽,淮北,31.38,29.7,32.26,30.37,32.95,35.16,37.23,44.38,47.77,50.15,62.26,76.85,91.69,112.84,144.48,168.92,185.83,1214.22
安徽,淮南,34.74,39.03,38.1,27.53,28.81,32.27,38.09,49.1,66.62,77.1,96.51,130.66,147.13,171.98,196.03,215.3,222.02,1611.02
安徽,黄山,39.61,42.36,44.69,46.41,50.54,54.53,60.95,74.52,89.98,104.49,118.68,139.99,144.14,168.54,204,228.79,254.58,1866.8
安徽,六安,119.96,116.88,116.62,116.61,117.82,127.29,137.11,165.7,203.88,241.29,293.73,360.19,405.59,488.58,566.58,624.88,684.05,4886.76
安徽,马鞍山,33.48,27.62,28.77,25.65,27.34,29.93,35.42,44.23,58.18,72.49,90.15,125.01,149.27,189.41,247.67,214.52,243.48,1642.62
安徽,铜陵,31.38,15.01,15.04,15.58,15.76,14.71,16.21,19.13,20.98,27.88,36.35,53.25,57.52,74.61,92.92,102.49,111.59,720.41
安徽,芜湖,79.53,83.47,78.29,57.67,59.68,65.44,78.2,98.19,126.21,126.52,159.26,202.97,249.84,312.72,391.72,455.58,508.65,3133.94
安徽,宿州,135.88,114.62,118.48,114.13,124.3,131.5,133.57,168.66,185.62,211.93,253.9,286.15,313.49,374.89,461,522.11,586.47,4236.7
安徽,宣城,140.75,145.81,119.47,106.09,110.9,119.69,137.03,163.27,169.27,203.81,244.99,292.11,316.82,387.48,479.06,544.68,608.31,4289.54
安徽,汇总,1706.95,1613.21,1566.6,1466.23,1516.06,1620.33,1759.03,2150.08,2467.09,2862.52,3491.32,4239.62,4808.88,5879.1,7210.47,8193.85,8985.78,61537.12
北京,北京,136.91,147.69,169.67,214.11,222.89,270.67,322.81,378.28,416.6,468.07,533.63,589.64,690.61,786.94,894.15,989.37,1088.19,8320.23
北京,汇总,136.91,147.69,169.67,214.11,222.89,270.67,322.81,378.28,416.6,468.07,533.63,589.64,690.61,786.94,894.15,989.37,1088.19,8320.23
福建,福州,314.88,356.72,399.8,437.41,465.89,519.23,600.21,675.93,634.45,715.13,847.94,963.52,1077.17,1280.23,1556.34,1730.72,1916.44,14492.01
福建,龙岩,116.4,127.66,138.04,145.48,149.39,162.55,180.56,213.97,227.99,265.19,325.2,397.85,482.57,581.17,732.38,829.56,910.31,5986.27
福建,南平,215.29,230.87,245.02,263.16,265.92,296.51,317.81,388.16,381.73,431.18,555.88,662.24,708.78,917.72,1039.63,1253.56,1384.24,9557.7
福建,宁德,144.06,283.09,167.79,180.76,194.91,201.3,222.71,256.17,286.48,319.79,380.57,452.64,503.93,611.79,774.71,891.01,1023.89,6895.6
福建,莆田,32.05,35.94,40.58,45,49.39,50.26,55.46,63.5,68.38,78.97,94.16,110.47,119.38,139.8,171.71,203.92,239.8,1598.77
福建,泉州,598.57,695.6,775.57,846.54,900.27,981.98,1110.52,1279.59,1276.2,1487.99,1787.5,2132.02,2368.56,2739.39,3275.4,3635.17,4061.6,29952.47
福建,三明,159.14,172.15,188.63,200.74,213.09,222.08,247.98,288.62,301.14,348.36,417.92,500.92,613.37,747.65,937.2,1042.56,1159.82,7761.37
福建,漳州,221.67,268.31,301.7,287.05,314.41,310.23,343.46,377.85,316.65,360.46,424.98,499.85,583.4,716.17,903.38,1045.28,1200.28,8475.13
福建,汇总,1877.73,2255.52,2353.29,2507.89,2654.26,2852.07,3198.99,3678.61,3619.78,4151.57,5003.67,5915.92,6688.49,8012.14,9735.32,11035.83,12354.64,87895.72
甘肃,白银,9.6,12.36,13.65,14.9,16.32,19.37,22.97,27.18,31.65,36.57,43.04,50.44,57.88,66.53,83.46,95.56,108.59,710.07
甘肃,定西,28.83,33.47,38.34,42.02,46.56,51.22,56.81,64.68,71.51,81.15,97.5,107.64,100.96,120.59,185.29,223.27,252.22,1602.06
甘肃,甘南,8.77,11.13,11.41,12.33,13.62,15.05,16.66,19.53,22.98,26.46,31.31,38.61,51.11,59.33,72.61,86.05,96.57,593.53
甘肃,金昌,6.06,10.03,10.96,12.23,13.62,13.27,14.96,20.3,20.93,22.84,26,32.96,34.45,40.84,44.56,51.79,58.12,433.92
甘肃,酒泉,47.33,50.48,53.53,67.78,76.31,93.73,100.39,121.58,141.83,163.09,193.45,234.96,211.96,245.53,444.05,523.12,580.55,3349.67
甘肃,兰州,27.5,29,32.95,38.79,42.25,46.65,51.14,62.18,69.77,81.84,96.59,110.2,118.02,139.15,180.15,203.95,228.78,1558.91
甘肃,临夏,20.44,21.65,21.94,23.86,27.01,29.72,37.5,42.63,56.99,64.68,73.88,81.78,93.17,105.59,128.12,151.3,167.78,1148.04
甘肃,陇南,29.08,32.14,33.83,36.98,40.18,44.37,45.95,63.96,75.28,94.68,113.7,118.21,103.81,122.3,204.56,235.49,265.62,1660.14
甘肃,平凉,47.81,53.27,53.64,56.93,67.91,73.9,84.76,99.56,111.87,126.91,149.93,180.17,132.67,152.84,275.97,331.87,341.24,2341.25
甘肃,庆阳,38.87,45.78,48.84,51.53,57.35,67.62,78.89,106.95,143.02,171.53,200.84,248.53,228.4,271.41,434.03,526.01,606.24,3325.84
甘肃,天水,18.3,24.66,21.13,22.45,25.66,28.89,40.13,49.18,58.58,65.96,78.25,92.13,106.8,126.71,147.5,171.72,188.96,1267.01
甘肃,武威,42.15,49.7,54.56,62.08,70.53,77.48,89.91,115.87,140.4,160.5,186.76,209.66,65.25,78.48,272.86,340.51,379.78,2396.48
甘肃,张掖,49.91,54.93,55.96,61.13,66.15,73.38,80.36,97.82,105.97,120.59,139.9,160.87,95.37,105.94,237.74,265.97,307.47,2079.46
甘肃,汇总,386.16,441.78,465.3,518.32,580.23,653.2,741.97,918.07,1081.68,1253.51,1476.72,1723.43,1468.88,1716.96,2811.55,3332.09,3726.01,23295.86
广东,潮州,102.23,127.94,139.09,150.11,158.57,164.99,177.68,203.28,216.44,252.71,298.65,349.56,384.67,447.52,452.53,503.69,668.1,4797.76
广东,佛山,918.96,1009.74,1095.42,1219.95,1390.77,1547.56,1699.89,1913.76,2512.88,3120.22,3859.85,566.32,2256.34,5809.67,6258.92,3189.17,7544.72,45914.14
广东,河源,64.1,66.81,74.39,80.75,91.47,100.25,110.84,145.27,153.08,192.43,233.66,283.06,277.37,319.36,394.41,407.96,457.06,3452.27
广东,惠州,221.49,253.83,278.56,303.84,336.12,357.7,347.35,343.33,394.32,444.21,527.26,479.65,526.66,798.33,732.57,826.39,1703.42,8875.03
广东,揭阳,257.35,298.73,318.02,326.15,342.42,367.2,400.24,436.88,324.19,372.95,456.18,562.37,627.69,779.29,954.92,1087.38,1220.88,9132.84
广东,茂名,307.41,346.89,369.06,369.02,377.41,410.28,448.88,506.37,526.92,595.07,663.93,766.27,786.11,924.73,1123.51,1297.6,1438.63,11258.09
广东,梅州,128.24,137.53,146.57,154.1,166.11,176.83,193.45,226.42,249.69,276.66,323.51,379.14,403.54,479.48,541.04,592.09,631.18,5205.58
广东,清远,93.44,92.27,96.29,98.57,109.04,115.09,126.5,155.93,203.22,260.24,334.64,412.46,474.1,616.16,732.63,574.3,625.99,5120.87
广东,汕尾,83.93,96.33,109.73,116.61,130.64,142.51,158.41,183.89,160.57,186.63,221.39,257.46,274.16,322.18,384.05,421.2,463.71,3713.4
广东,韶关,260.69,283,311.67,329.33,362.94,401.64,458.49,497.9,573.77,665.85,836.36,904.6,1007.53,1294.42,1412.68,1549.04,1937.98,13087.89
广东,阳江,85.98,93.88,101.96,113.31,125.31,136.63,148.33,173.25,208.06,254.26,310.67,385.31,417.36,510.1,555.37,652.45,758.43,5030.66
广东,云浮,126.3,132.68,143.63,138.15,150.47,160.47,181.42,301.73,166.94,193.63,219.09,259.09,268.5,312.39,379.74,417.49,475.73,4027.45
广东,湛江,202.78,206.24,208.06,208.27,223.03,230.78,246.56,283.84,278.8,333.53,389.97,462.34,532.72,635.99,791.26,975.7,1045.55,7255.42
广东,肇庆,248,277.29,295.69,307.15,326.7,360.6,376.76,437.34,306.68,348.22,404.53,526.26,612.31,702.38,1011.15,1148.99,1325.38,9015.43
广东,珠海,207.36,249.81,280.24,296.66,262.42,289.87,244.25,281.01,321.55,376.26,454.73,7.12,8.02,604.46,271.34,12.34,855.6,5023.04
广东,汇总,3308.26,3672.97,3968.38,4211.97,4553.42,4962.4,5319.05,6090.2,6597.11,7872.87,9534.42,6601.01,8857.08,14556.46,15996.12,13655.79,21152.36,140909.87
广西,百色,136.96,140.29,131.22,140.39,151.78,162.81,177.45,205.16,247.32,300.25,353.49,322.96,345.6,444.37,655.13,582.79,792.39,5290.36
广西,崇左,86.87,96.59,83.84,83.8,95.95,101.53,93.43,113,150.28,194.65,235.59,218.74,236.47,298.82,475.97,401.3,557.68,3524.51
广西,防城港,17.84,20.42,21,22.41,23.94,25.4,23.07,26.36,28.54,37.31,47.77,60.32,66.84,87.52,107.19,121.42,138.37,875.72
广西,贵港,60.18,54.62,57.46,56.5,60,63.69,76.4,94.13,112.34,128.07,168.83,202.24,229.75,289.15,348.94,376.53,418.57,2797.4
广西,桂林,219.17,217.41,183.16,196.18,209.63,223.73,238.17,280.43,354.83,405.09,504.82,611.54,639.92,760.69,936,1058.14,1187.13,8226.04
广西,河池,131.01,139.58,139.38,148.41,154.03,144.76,138.79,167.91,204.37,246.39,318.08,297.93,294.34,359.91,504.44,383.1,497.93,4270.36
广西,贺州,110.61,114.57,88.45,94.54,102.22,108.56,100.67,123.66,165.88,188.07,234.25,114.1,103.79,125.55,268.3,161.57,403.18,2607.97
广西,来宾,89.62,83.28,81.45,88.36,96.99,102.83,119.27,136.45,174.48,181.55,244.69,135.41,147.36,186.27,515.83,272.68,519.5,3176.02
广西,柳州,85.18,82.21,81.39,88.24,97,105.7,107.45,128.22,160,187.94,244.62,289.45,337.22,404.19,468.54,496.9,521.99,3886.24
广西,南宁,170.67,171.99,159.12,162.72,170.72,182.66,199.26,229.82,230.06,265.89,324.97,374.59,420.4,500.88,680.33,716.01,826.78,5786.87
广西,钦州,65.7,59.74,64.04,68.67,75.12,79.5,78.97,88.91,106.35,121.32,145.34,173.51,171.93,195.81,229.76,256.7,282.87,2264.24
广西,梧州,107.21,111.85,71.68,75.5,81.28,88.94,85.85,105.84,135.98,158.16,209.4,263.61,296.24,399.62,491.98,548.04,613.25,3844.43
广西,玉林,185.74,148.77,150.43,155.56,164.45,168.57,167.71,210.35,237.13,274.8,340.95,407.75,454.77,572.4,729.51,791.75,847.48,6008.12
广西,汇总,1466.76,1441.32,1312.62,1381.28,1483.11,1558.68,1606.49,1910.24,2307.56,2689.49,3372.8,3472.15,3744.63,4625.18,6411.92,6166.93,7607.12,52558.28
贵州,安顺,27.88,28.11,30.65,33.4,36.65,41.32,46.5,52.18,62.87,74.22,85.69,101.43,118.18,136.94,171.82,227.69,270.15,1545.68
贵州,毕节,98.71,111.99,122.27,126.14,128.32,143.08,165.68,205.68,232.46,275.7,337.86,407.41,499.15,588.75,729.08,884.24,1055.44,6111.96
贵州,贵阳,41.98,45.28,50.22,56.71,64.83,74.32,86.11,104.38,118.82,138.88,165.66,208.66,224.96,253.93,321.32,402.62,494.07,2852.75
贵州,六盘水,38.59,41.17,44.81,48.29,53.83,73.88,69.77,90.5,128.83,158.8,186.42,199.25,274.41,335.6,406.91,504.53,602.6,3258.19
贵州,黔东南,56.49,63.94,70.12,78.35,83.65,89.15,103.41,118.97,142.71,164.51,194.15,226.71,268.2,319.66,389.51,496.4,597.19,3463.12
贵州,黔南,84,91.9,97.8,105.16,103.62,114.59,130.1,152.03,170.76,197.14,234.77,276.53,307.88,370.75,450.26,563.4,658.35,4109.04
贵州,黔西南,45.64,50.03,54.76,60.13,67.76,77.43,86.14,104.23,126.47,152,183.04,221.23,278.59,331.31,383.32,480.06,569.82,3271.96
贵州,铜仁,52.21,55.29,58.69,63.8,68.61,75.53,88.28,103.4,129.26,148.73,156.21,213.33,245.2,293.71,362,456.77,543.88,3114.9
贵州,遵义,142.19,152.12,166.97,179.21,192.39,211.59,221.51,261.97,284.46,321.59,392.84,453.24,537.75,651.54,801.57,971.34,1162.12,7104.4
贵州,汇总,587.69,639.83,696.29,751.19,799.66,900.89,997.5,1193.34,1396.64,1631.57,1936.64,2307.79,2754.32,3282.19,4015.79,4987.05,5953.62,34832
海南,海南省,241.5,267.41,283.97,311.1,323.42,352.42,377.63,441.99,475.6,494.36,620.92,757.22,826.92,1217.67,1266.53,1430.11,1595.21,11283.98
海南,汇总,241.5,267.41,283.97,311.1,323.42,352.42,377.63,441.99,475.6,494.36,620.92,757.22,826.92,1217.67,1266.53,1430.11,1595.21,11283.98
河北,保定,460.53,505.43,510.04,548.18,591.65,648.86,714.7,853.14,840.36,926.04,1016.09,1124.59,1216.07,1466.07,1714.66,1904.33,2071.52,17112.26
河北,沧州,349.98,392.68,397.47,435.63,460.5,493.5,577.62,700.76,958.83,1154.73,1302.29,1429.91,1409.98,1693.27,2046.37,2249.13,2409.3,18461.95
河北,承德,111.23,122.34,112.92,109.75,121.44,132.36,152.23,205.68,259.13,316.54,412.26,554.74,551.5,658.37,824.15,893.56,981.37,6519.57
河北,邯郸,319.93,345.76,358.98,381.21,415.55,452.81,556.55,723.44,896.92,1072.06,1313.17,1561.21,1551.2,1853.86,2203.95,2437.54,2389.94,18834.08
河北,衡水,196.39,213.61,224.99,239.2,257.66,278.06,328.96,387.71,431.15,438.8,432.78,490.89,497.48,590.88,717.97,785.46,818.24,7330.23
河北,廊坊,233.17,260.39,279.15,306.08,332.99,369.43,415.07,483.31,501.92,581.69,717.35,841.09,863.09,1016.77,1221.73,1352.31,1455.34,11230.88
河北,秦皇岛,98.8,109.04,107.36,108.45,115.8,123.86,140.63,169.51,197.54,240.75,287.37,342.95,338.38,399.15,496.69,530.93,544.63,4351.84
河北,石家庄,553.99,613.61,658.32,688.24,696.27,757.84,872.61,1048.19,1134.7,1314.6,1578.38,1888.12,1970.29,2250.38,2744.36,3038.46,3258.99,25067.35
河北,唐山,476.48,535.18,575.51,630.86,688.45,749.53,933.23,1153.63,1448.76,1897.9,2134.15,2024.31,2136.21,3469.1,2896.08,3069.82,4912.86,29732.06
河北,邢台,289.84,313.79,332.33,349.82,358.83,390.08,457.29,543.61,571.54,675.57,787.83,872.28,865.55,987.96,1131.59,1232.41,1322.9,11483.22
河北,张家口,120.38,134.21,120.33,127.38,128.5,139.13,159.72,192.24,233.35,277.33,322.79,421.16,463.45,571.65,686.37,769.7,838.6,5706.29
河北,汇总,3210.72,3546.04,3677.4,3924.8,4167.64,4535.46,5308.61,6461.22,7474.2,8896.01,10304.46,11551.25,11863.2,14957.46,16683.92,18263.65,21003.69,155829.73
河南,安阳,139.82,140.39,144.72,155.66,170.15,185.6,203.49,268.91,360.33,441.74,564.43,734.63,813.72,949.9,1085.44,1171.01,1234.01,8763.95
河南,鹤壁,36.02,35.59,38.84,43.46,47.1,51.22,60.36,79.62,95.5,115.47,138.47,168.22,182.58,206.94,246.99,267.42,311.89,2125.69
河南,焦作,191.83,194.56,157.26,162.48,181.92,204.19,258.14,336.68,457.98,559.58,692.23,829.41,853.98,994.97,1158.09,1210.29,1336.29,9779.88
河南,开封,123.82,137.24,144.8,165.13,184.32,197.11,198.27,252.27,311.74,364.98,424.49,525.16,590.88,708.81,823.92,933.82,1058.45,7145.21
河南,洛阳,169.63,193.77,204,223.46,243.92,286.96,367.08,503.25,677.07,822.45,1040.76,1256.49,1313.61,1507.48,1760.18,1921.86,1918.25,14410.22
河南,漯河,95.87,105.84,113.63,122.9,136.09,149.11,158.9,190.26,180.85,215.32,241.78,227.23,247.66,417.75,459.79,325.1,514.2,3902.28
河南,南阳,327.34,353.63,371.54,391.18,434.84,473.69,539.71,680.24,811.87,950.72,1090.95,1291.99,1329.34,1504.2,1690.3,1794.54,1904.88,15940.96
河南,平顶山,137.71,151.89,161.34,173.74,189.94,204.87,233.55,299.51,358.58,440.19,540.46,693.35,721.94,831.19,958.73,1045.58,1105.03,8247.6
河南,濮阳,83.95,89.54,95.19,97.64,109.41,120.74,128.07,162.45,206.81,243.1,303.2,390.88,444.27,523.27,593.86,655.08,770.83,5018.29
河南,三门峡,110.43,118.24,124.72,137.06,146,163.08,186.24,229.67,286.33,350.38,432.01,574.72,605.04,759.99,899.98,983.58,1051.09,7158.56
河南,商丘,168.07,176.98,193.71,210.31,235.38,256.36,247.45,337.75,427.85,495.85,593.93,727.91,798.71,907.54,1046.64,1116.96,1236.75,9178.15
河南,新乡,183.51,191.91,192.62,206.54,221.06,239.79,260.94,316.84,374.51,436.2,538.35,676.1,722.38,861.91,1060.05,1111.84,1199.59,8794.14
河南,信阳,156.26,167.84,173.46,189.86,190.89,223.64,244.65,315.59,375.41,431.9,512.07,640.89,694.35,814.97,936.88,1043.06,1179.96,8291.68
河南,许昌,192.39,212.9,224.94,250.91,276.62,308.38,349.45,440.71,527.07,631.98,760.48,935.5,967.4,1114.24,1337.33,1445.37,1606.58,11582.25
河南,郑州,323.45,349.26,366.12,394.21,440.06,486.13,572.48,707.88,897.42,1115.84,1387.17,1727.68,1825.02,2145.23,2686.32,2944.27,3269.83,21638.37
河南,周口,258.32,272.87,291.65,314.45,343.3,378.85,366.95,465.53,538.69,615.45,725.99,895.19,976.7,1123.55,1267.69,1428.26,1623.9,11887.34
河南,驻马店,194.53,209.86,223.41,241.14,262.55,278.64,288.59,370.1,414.01,468.65,549.43,674.23,743.99,876.5,1036.47,1145.32,1281.23,9258.65
河南,汇总,2937.85,3148.94,3275.48,3539.55,3879.5,4287.98,4758.51,6077.81,7445.85,8880.83,10759.61,13257.93,14119.18,16591.82,19422.02,20983.46,23062.89,166429.21
黑龙江,大庆,45.4,39.41,47.85,40.76,45.66,55.65,62.92,73.6,74.24,87.92,101.37,130.75,186.97,266.97,368.67,447.42,562.05,2637.61
黑龙江,大兴安岭,16.33,23.93,19.72,18.37,19.82,21.7,24.46,26.57,20.98,23.73,28.05,33.91,41.4,52.4,67.13,80.01,90.58,609.09
黑龙江,哈尔滨,316.57,350,372.33,403.46,435.48,451.06,514.14,598.12,603.07,682.99,861.74,806.93,903.28,1082.9,1517.74,1538.29,2047.48,13485.58
黑龙江,鹤岗,15.4,28.09,29.61,11.26,12.46,13.06,13.16,46.41,39.7,44.26,50.36,24.43,67.59,86.8,112.65,139.41,54.64,789.29
黑龙江,黑河,43.97,62.93,56.43,36.28,53.58,42.59,45.3,73.64,90.52,94.48,115.76,167.95,191.68,228.18,246.59,298.25,276.48,2124.61
黑龙江,鸡西,56.37,70.36,74.55,67.8,67.29,62.52,67.12,84.04,85.38,94.19,111.24,188.87,214.31,255.97,229.1,272.11,271.4,2272.62
黑龙江,佳木斯,53.78,69.02,69.82,54.52,60.67,66.37,72.55,96.05,109.8,115.82,138.76,215.27,255.79,322.96,327.97,404.11,425.17,2858.43
黑龙江,牡丹江,96.32,110.33,114.48,122.82,136.35,141.74,159.41,182.81,196.61,238.24,293.88,361.06,427.99,529.5,664.32,783.22,872.89,5431.97
黑龙江,七台河,16.52,16.35,16.28,12.75,14.39,15.8,17.64,22.81,23.75,27.75,32.55,46.25,46.19,60.58,63.82,67.61,54.78,555.82
黑龙江,齐齐哈尔,147.64,137.32,142.8,140.72,141.9,160.97,142.17,190.56,220.32,227.67,268.06,323.42,328.21,415.97,501.15,557.83,582.68,4629.39
黑龙江,双鸭山,38,45.33,43.81,20.44,27.32,26.91,27.9,62.83,86.22,101.65,122.27,156.27,182.44,225.59,323.14,386.5,283.82,2160.44
黑龙江,绥化,231.95,247.42,243.86,233.46,249.93,237.48,251.15,293.51,305.3,360.09,434.42,514.69,582.21,748.32,956.86,1178.93,1327.61,8397.19
黑龙江,伊春,18.58,20.78,21.29,23.07,25.91,28.37,32.1,37.92,36.01,40.69,50.24,54.74,57.33,67.85,81.69,91.68,100.36,788.61
黑龙江,汇总,1096.83,1221.27,1252.83,1185.71,1290.76,1324.22,1430.02,1788.87,1891.9,2139.48,2608.7,3024.54,3485.39,4343.99,5460.83,6245.37,6949.94,46740.65
湖北,黄冈,315.92,345.55,304.02,288.72,310.93,330.63,355.6,394.45,307.11,344.4,414.99,545.65,636.74,766.07,934.05,1088.68,1209.27,8892.78
湖北,黄石,70.33,81.73,83.91,102.46,113.33,124.2,137.33,158.87,163.33,184.92,221.81,266.2,267.75,361.79,460.54,561.21,624.94,3984.65
湖北,荆门,157.62,169.02,146.85,140.97,154.58,162.73,182.7,210.5,177.99,208.96,258.87,345.01,388.33,465.8,614.89,716.35,798.99,5300.16
湖北,荆州,264.45,278.86,253.48,224.53,243.77,265.65,278.36,305.36,264.1,292.76,349.37,421.59,467.82,544.62,678.62,788.04,890.88,6812.26
湖北,施恩,101.4,111.06,111.15,120.97,125.25,129.25,140.51,165.12,172,187.47,207.7,244.79,293.93,350.58,417.79,482.2,547.43,3908.6
湖北,十堰,120.96,137.19,86.41,86.69,90.2,96.21,99.05,109.24,117.22,133.61,155.57,195.88,223.78,276.02,338.93,399.17,462.52,3128.65
湖北,随州,36.88,41.68,34.38,35.16,37.94,41.53,45.3,54.77,54.96,71.69,86.15,105,117,130.76,166.76,189.22,210.98,1460.16
湖北,咸宁,95.23,106.99,95.68,103.12,113.24,121.96,136.75,156.17,158.28,180.37,210.25,281.31,309.36,390.19,516.81,629.9,723.41,4329.02
湖北,襄樊,432.74,367.66,306.52,319.93,342.81,294.42,341.38,360.59,323.6,362.13,431.25,384.8,676.93,908.83,1294.94,1606.55,1845.6,10600.68
湖北,孝感,248.68,281.23,224.09,242.36,265.18,288.77,324.91,352.31,288.04,324.64,385.75,468.85,525.58,648.06,807.12,915.48,1061.79,7652.84
湖北,宜昌,262.14,294.07,263.01,285.96,302.18,323.18,328.72,394.37,376.39,399.12,478.46,503.41,755.5,946.37,1349.16,1683.64,1959.32,10905
湖北,汇总,2531.67,2686.01,2173.27,2238.35,2377.5,2477.12,2704.24,3038.5,2767.88,3106.13,3706.09,4403.03,5354.65,6602.51,8625.32,10284.43,11715.95,76792.65
湖南,常德,177.02,185.77,183.93,222.66,233.97,248.28,273.2,321.61,355.54,399.86,464.87,538.27,657.19,782.16,933.88,1035.5,1150.55,8164.26
湖南,郴州,138.29,154.51,170.1,185.04,185.26,205.46,235.93,291.98,353.89,405.53,463.43,528.72,565.45,735.63,929.44,1055.73,1210.09,7814.48
湖南,衡阳,232.67,248.89,268.72,285.46,279.04,298.73,332.66,410.27,463.71,525.43,623.71,748.15,847.09,1015.45,1236.01,1374.59,1508.96,10699.54
湖南,怀化,127.17,146.64,147.1,158.27,147.81,155.73,173.34,192.76,227.33,260.08,327.66,380.86,418.37,504.93,666.8,746.75,833.07,5614.67
湖南,娄底,126.72,134.93,140.18,119.52,121.58,127.39,141.49,173.21,213.56,251.05,313.7,374.43,398.25,469.17,588.59,697.48,782.62,5173.87
湖南,邵阳,194.66,216.26,225.02,238.86,222.89,242.5,269.79,305.05,296.21,336.08,387.63,459.43,483.9,596.37,747.73,846.57,926.31,6995.26
湖南,湘潭,95.65,101.56,104.16,106.71,108.55,117.03,118.84,148.2,155.38,179.48,230.79,278.79,309.22,364.65,437.61,508.6,583.26,3948.48
湖南,湘西,57.06,58.84,61.36,65.89,71.81,75.4,82.87,98.57,123.32,148.79,190.67,229.07,268.97,303.54,361.36,397.51,418.94,3013.97
湖南,益阳,95.4,96.61,101.48,109.02,101.99,108.59,123.86,152.78,176.14,200.32,245.1,296.45,352.28,406.08,532.47,615.58,682.4,4396.55
湖南,永州,140.91,150.47,163.46,173.87,164.75,173.43,189.36,221.8,254.18,290.87,354.67,415.19,450.4,539.33,666.27,749.17,833.14,5931.27
湖南,岳阳,129.86,138.35,144.91,154.77,169.04,200.62,218.35,249.48,269.52,305.9,388.28,477.87,567.68,692.14,849.76,963.05,1075.07,6994.65
湖南,张家界,20.87,21.99,24.55,26.14,26.55,29.12,32.77,37.4,52.59,60.49,73.74,84.26,99.69,119.96,149.66,169.93,184.51,1214.22
湖南,长沙,213.63,242.77,261.44,266.25,294.42,324.14,378.32,453.45,610.39,724.01,891.23,1183.28,1494.63,1919.44,2457.48,2423.72,3162.82,17301.42
湖南,株洲,121.55,133.72,142.51,153.79,161.05,176.98,194.92,233.94,274.06,320.02,371.15,453.87,503.85,627.46,763.35,885.04,992.49,6509.75
湖南,汇总,1871.46,2031.31,2138.92,2266.25,2288.71,2483.4,2765.7,3290.5,3825.82,4407.91,5326.63,6448.64,7416.97,9076.31,11320.41,12469.22,14344.23,93772.39
吉林,白城,39.5,38.1,47.84,50.77,53.71,73.32,89.74,114.28,107.09,120.65,146.97,187.24,255.46,326.02,390.93,446.55,499.99,2988.16
吉林,白山,50.41,55.31,61.22,67.62,79.87,84.91,82.34,140,102.99,123.57,155.82,137.99,173.17,219.48,272.6,325.44,518.23,2650.97
吉林,吉林,136.01,160.18,182.22,177.98,211.37,247.75,295.75,336.44,274.16,326.75,441.83,592.17,668.84,776.45,958.94,1060.32,1140.94,7988.1
吉林,辽源,23.15,29.13,31.36,32.44,30.29,35.65,40.53,42.13,56.97,67.43,85.09,107.01,133.61,168.02,202.85,257.42,300.14,1643.22
吉林,四平,112.62,145.02,142.31,131.52,144.67,166.25,196.17,256.87,247.32,285.06,365.25,449.44,632.06,763.2,905.42,993.32,1083.85,7020.35
吉林,松原,80.8,101.87,108.39,103.84,117.86,129.86,148.7,179.04,227.81,281.24,377.29,532.94,668.16,858.69,1059.34,1243.38,1228.83,7448.04
吉林,通化,78.62,85.98,91.66,98.3,108.23,123.49,137.23,196.21,151.66,179.33,243.56,338.77,419.64,472.58,539.59,613.78,697.48,4576.11
吉林,延边,110.51,115.24,125.83,133.16,146.64,158.75,178.05,206.76,215.21,250.43,316.23,387.15,462.59,553.77,686.49,830.85,883.39,5761.05
吉林,长春,190.73,211.47,230.7,230.12,270.37,372.18,366.44,411.86,408.23,476.73,566.96,697.24,812.6,982.7,1179.98,1335.13,1444.07,10187.51
吉林,汇总,822.35,942.3,1021.53,1025.75,1163.01,1392.16,1534.95,1883.59,1791.44,2111.19,2699,3429.95,4226.13,5120.91,6196.14,7106.19,7796.92,50263.51
江苏,常州,299.43,315.98,341.02,378.47,424.54,452.78,538.32,662.32,792.21,971.64,1195.82,583,622.23,1896.84,869.34,2469.7,2769.17,15582.81
江苏,淮安,80.86,93.49,110.57,127.42,144.2,161.64,168.52,189.41,205.19,243.8,288.67,361.17,436.14,515.4,641.52,748,864.94,5380.94
江苏,连云港,147.31,166.09,176.81,189.43,203.09,221.67,189.8,211.45,239.15,289.51,359.91,441.43,571.59,713.42,903.29,1039.42,1182.4,7245.77
江苏,南京,90.3,100.28,106.88,117.46,136.39,172.29,210.02,276.47,325.57,423.48,435.3,327.84,404.51,1073.41,588.5,729,1774.08,7291.78
江苏,南通,372.62,403.88,431.73,469.59,499.9,549.39,625.44,762.9,880.62,1064.36,1276.81,1575.1,1368.4,2147.03,1965.97,2211.41,3231.24,19836.39
江苏,苏州,823.85,886.52,949.62,1066.31,1202,1459,1871.48,2302.63,2813.74,3450.34,4235.79,5178.72,5844.99,6891.11,8062.79,8942.21,9463.45,65444.55
江苏,泰州,232.93,248.55,268.08,293.81,326.81,365.11,417.98,507.81,591.99,708.97,889.73,1068.04,1277.74,1542.45,1848.93,2062.62,2309.77,14961.32
江苏,无锡,395.05,437.25,475.04,508.85,564.95,634.04,770.05,947.97,1150.99,1408.19,1695.62,2130.02,2393.87,2806.74,3315.99,3621.36,3896.29,27152.27
江苏,宿迁,106.02,119.49,129.76,143.32,159.64,176.94,197.69,211.39,231.43,286.33,342.43,424.44,544.8,681.69,874.68,1018.87,1148.99,6797.91
江苏,徐州,266.97,292.46,312.78,342.12,381.27,423.68,452.05,525.28,584.35,697.86,826.35,1013.91,1353.38,1721.22,1570.18,1826.13,2885.81,15475.8
江苏,盐城,373.15,411.82,441.78,478.94,526.16,588.81,654.96,722.39,832.37,972.5,1130.05,1166.37,1388.58,1962.89,2014.88,2268.86,2867.94,18802.45
江苏,扬州,210.25,223.78,251,264.97,272.18,302.26,350.07,425.51,500.44,600.04,730.12,887.02,1041.9,1259.18,927.44,1029.3,1869.14,11144.6
江苏,镇江,250.72,270.8,286.3,307.27,337.78,370.5,424.15,502.99,557.21,639.51,760.97,778.45,930.81,1288.33,1316.84,1527.57,1998.87,12549.07
江苏,汇总,3742.88,4072.4,4391.25,4808.16,5311.43,6016.06,7024.16,8431.25,9905.32,11995.12,14450.62,16262.51,18538.44,24929.75,25420.52,30083.59,36920.4,232303.86
江西,抚州,77.67,82.02,84.8,86.2,92.65,99.68,109.62,123.13,156.9,184.74,223.26,278.25,325.69,392.64,475.2,564.63,648.08,4005.16
江西,赣州,181.42,198.98,208.67,217.71,233.08,252.21,281.75,320.86,404.44,474.2,569.09,692.47,784.99,917.09,1109.99,1260.85,1420.49,9528.29
江西,吉安,107.73,121.18,126.44,133.49,136.11,144.75,168.94,185.41,242.51,279.01,329.99,412.75,478.69,589.33,714.29,825.02,937.16,5932.8
江西,景德镇,36.57,40.01,43.75,47.1,49.88,55.81,66.82,71.35,83.58,95.78,112.66,149.22,167.95,197.7,240.93,281.58,328.26,2068.95
江西,九江,102.75,75.36,89.53,98.63,110.33,121.99,142,168.59,198.66,233.91,276.76,333.82,402.37,502.36,632.67,753.38,855.43,5098.54
江西,南昌,94.7,104.46,116.38,125.37,142.31,160.66,174.06,202.13,314.95,371.22,444.62,535.01,591.03,699.13,928.23,987.47,1116.53,7108.26
江西,萍乡,28.25,23.89,26.59,27.29,29.67,39.55,46.99,58.62,83.85,100.89,123.4,153.14,163.24,200.06,251.65,281.85,304.74,1943.67
江西,上饶,137.77,132.8,147,157.09,172.09,195.44,221.65,259.58,335.29,393.41,469.9,560.66,648.25,782.99,949.91,1103.76,1235.78,7903.37
江西,新余,10.03,10.9,11.71,12.57,13.57,14.83,16.95,20.87,27.48,33.19,46.01,66.37,80.24,101.05,130.2,149,176.45,921.42
江西,宜春,134.08,144.68,150.43,154.43,162.69,173.86,197.39,230.49,318.56,378.51,463.65,572.66,644.27,790.3,961.75,1099.71,1224.46,7801.92
江西,鹰潭,31.67,31.66,34.56,40.05,43.93,48.46,61.28,74.79,97.21,127.21,175.63,199.16,187.73,250.98,310.67,344.39,397.49,2456.87
江西,汇总,942.64,965.94,1039.86,1099.93,1186.31,1307.24,1487.45,1715.82,2263.43,2672.07,3234.97,3953.51,4474.45,5423.63,6705.49,7651.64,8644.87,54769.25
辽宁,鞍山,192.94,220.61,237.89,247.23,268.65,303.84,322.37,366.03,416.06,409.03,483.29,604.3,775.82,987.57,1098.61,1299.58,1370.7,9604.52
辽宁,本溪,35.03,39.85,38.01,42.06,47.52,53.25,58.77,71.04,82.81,97.87,117.38,147.73,180.26,232.59,295.68,336.5,350.1,2226.45
辽宁,朝阳,104.59,65.26,60.96,55.15,61.09,71.82,74.26,110.77,159.16,197.96,288.01,400.48,468.85,614.81,755.12,875.15,905.24,5268.68
辽宁,大连,138.13,159.83,184.91,182.76,182.01,200.2,235.26,274.76,333.11,411.68,500.03,620.28,787.13,1037.19,1296.91,1470.81,1600.84,9615.84
辽宁,丹东,106.81,117.43,129.52,138.3,151.23,166.39,191.84,233.1,283.82,342.15,417.55,526.26,587.3,752.42,947.24,1097.93,1178.97,7368.26
辽宁,抚顺,41.08,49.68,57.92,63.18,73.07,77.07,84.1,96.51,71.21,90.81,117.63,153.56,190.53,261.74,289.29,357,363.7,2438.08
辽宁,阜新,20.2,27.72,21.71,14.94,18.53,24.61,30.17,42,47.3,50.39,67.39,85.41,127.34,170.13,229.56,290,299.55,1566.95
辽宁,葫芦岛,49.64,59.22,61.27,65.03,75.32,88.8,102.73,116.2,113.82,122.62,144.43,174.53,169.59,215.22,285.6,351.3,371.73,2567.05
辽宁,锦州,102.53,112.17,104.94,107.21,126.68,145.87,169.91,192.67,222.15,218.09,251.37,326.56,366.56,475.86,582.75,687.55,709.35,4902.22
辽宁,辽阳,71.11,72.87,77.02,76.3,83.79,95.1,105.24,130.36,159.6,149.59,182.05,229.43,264.96,361.46,438.45,478.75,518.71,3494.79
辽宁,盘锦,48.31,53.45,54.64,56.89,57.87,65.93,79.15,94.18,113.87,119.48,150.81,221.98,229.38,318.35,397.29,396.4,517.83,2975.81
辽宁,沈阳,220.25,246.08,277.46,299.22,280.35,314.83,354.15,445.89,562.17,546.77,690.31,792.87,1151.57,1536.27,2000.51,2412.19,2478.5,14609.39
辽宁,铁岭,71.75,85.62,87.78,86.8,83.84,95.37,115.23,145.9,176.57,245.96,338.99,457.35,703.47,934.03,1204.07,1308.55,1193.84,7335.12
辽宁,营口,77.32,89.94,98.17,108.35,125.42,144.34,150.25,181.85,220.97,268.03,327.76,399.39,456.32,570.19,665.14,719.21,744.44,5347.09
辽宁,汇总,1279.69,1399.73,1492.2,1543.42,1635.37,1847.42,2073.43,2501.26,2962.62,3270.43,4077,5140.13,6459.08,8467.83,10486.22,12080.92,12603.5,79320.25
内蒙,阿拉善旗,7.52,8.53,10.05,11.65,13.5,15.47,20.31,51.17,67.1,81.9,109.18,178.18,242.46,299.09,382.49,443.25,444.44,2386.29
内蒙,巴彦淖尔,101.11,105.29,106.23,107.96,116.41,127.68,151.2,189.48,222.98,280.84,356.71,439.06,509.86,603.34,701.61,813.34,834.87,5767.97
内蒙,包头,29.41,33.77,32.18,31.13,31.75,35.82,40.17,56.54,67.77,82.92,106.25,154.17,203.32,241.23,323.15,388.72,428.3,2286.6
内蒙,赤峰,84.08,88.16,91.51,89.81,99.34,115.46,138.18,167.55,191.1,242.77,345.7,443.33,534.96,618.7,771.08,891.6,979.03,5892.36
内蒙,鄂尔多斯,78.78,100.14,119.67,151.64,167.34,204.48,270.27,390.47,537.29,801.36,1183.41,1629.45,2173.75,2685.19,3256.53,3792.91,4060.1,21602.78
内蒙,呼和浩特,37.81,42.98,47.6,53.96,63.42,82.59,107.71,166.38,209.24,273.15,346.86,403.98,462.66,538.41,639.94,741.36,726.79,4944.84
内蒙,呼伦贝尔,126.24,129.78,134.34,136.5,147.96,177.81,196.39,265.56,343.25,394.99,501.04,644.84,788.42,947.2,1160.89,1364.04,1497.6,8956.85
内蒙,通辽,46.51,49.22,56.59,61.71,70.16,82.34,99.51,108.96,128.59,178.02,258.98,380.28,449.08,567.17,693.84,834.21,923.34,4988.51
内蒙,乌兰察布,63.91,74.17,83.53,93.48,102.08,120.08,147.95,207.86,253.43,283.65,347.37,434.68,500.01,567.6,690.04,782.53,833.33,5585.7
内蒙,锡林郭勒盟,46.46,56.31,62.1,72.02,69.35,82.18,103.58,137.22,169.79,217.63,298.31,404.19,498.73,613.45,717.32,837.53,932.75,5318.92
内蒙,兴安盟,57.3,64.39,66.52,63.38,67.06,85.99,97.49,103.32,119.32,151.18,179.02,227.1,215.15,326.79,407.22,486.27,420.16,3137.66
内蒙,汇总,679.13,752.74,810.32,873.24,948.37,1129.9,1372.76,1844.51,2309.86,2988.41,4032.83,5339.26,6578.4,8008.17,9744.11,11375.76,12080.71,70868.48
宁夏,固原,6.94,7.83,8.45,7.37,8.93,10.15,13.1,15.91,20.19,23.51,29.8,36.22,43.15,50.7,62.22,76.03,87.96,508.46
宁夏,石嘴山,8.61,9.51,10.09,11.21,12.15,13.31,16.17,22.23,26.02,31.11,40.77,60.78,67.92,80.11,100.39,111.75,124.86,746.99
宁夏,吴忠,24.71,26.76,27,38.27,42.61,47.4,58.26,68.58,66.19,81.34,92.74,110.84,121.41,138.28,174.85,199.55,223.42,1542.21
宁夏,银川,26.19,28.49,30.43,33.69,36.73,39.5,44.78,58.54,75.04,91.86,124.24,160.61,204.42,275.57,379.62,438.02,491.65,2539.38
宁夏,中卫,9.02,10.47,12.06,12.64,15.06,17.83,21.89,24.87,33.03,36.51,45.02,59.3,72.71,88.98,117.12,132.28,151.83,860.62
宁夏,汇总,77.96,86.03,91.3,106.86,119.48,132.55,159.32,193.72,225.38,269.96,339.25,435.78,519.03,644.41,846.91,972.22,1096.86,6317.02
青海,果洛,3.9,4.31,4.46,5.03,5.53,6.03,6.68,7.16,7.89,8.66,10.13,12.65,12.58,18.78,26.15,30.55,32.08,202.57
青海,海北,9.52,9.84,10.22,10.56,12.26,13.95,16.09,18.29,20.41,23.51,28.73,38.19,47.55,54.52,77.86,95.96,112.26,599.72
青海,海东,26.26,28.7,30.86,38.94,43.31,49.19,55.49,63.24,72.52,84.82,101.83,121.82,132.33,169.66,217.5,271.83,333.9,1842.2
青海,海南,11.23,11.95,12.4,14.54,15.88,17.77,19.75,23.68,29.05,32.83,40.86,51.61,58.72,69.89,82.36,104.35,117.12,713.99
青海,海西,5.77,5.58,6.02,7.47,8.94,10.9,12.88,15.7,19.87,25.88,34.22,54.22,70.73,90.65,132.61,174.71,173.2,849.35
青海,黄南,7.76,10.7,12.28,13.36,14.42,15.89,16.44,19.77,22.74,23.39,28,33.95,34.63,43.68,48.39,58.1,66.47,469.97
青海,西宁,23.33,25.51,26.89,29.91,33.83,38.42,47.16,59.69,73.06,95.54,109.3,143.44,145.61,187.87,238.08,259.85,290.46,1827.95
青海,玉树,3.85,4.01,5.59,5.99,7.58,8.33,9.68,9.73,12.68,15.53,15.94,21.82,22.79,25.33,35.23,47.17,45.29,296.54
青海,汇总,101.83,112.63,121.55,142.54,163.9,188.01,219.01,261.22,314.95,383.58,459.21,614.7,687.02,860.44,1100.69,1332.52,1489.66,8553.46
山东,滨州,149.99,172.39,190.07,208.44,231.97,264.75,325.79,423.97,529.96,670.85,824.71,1003.01,1069.92,1236.8,1441.7,1624.18,1726.11,12094.61
山东,德州,192.88,204.01,236.11,277.69,297.5,364.24,453.96,552.6,711.55,824.08,944.21,1112.15,1247.06,1430.68,1616.17,1854.89,2168.5,14488.28
山东,东营,88.22,101.05,84.62,96.03,109.99,128.24,160.21,220.79,283.05,392.45,500.92,617.45,722.97,873.57,1018.3,1190.4,1318.25,7906.51
山东,菏泽,158.77,166.6,149.21,166.49,180.45,198.15,234.65,303.08,362.57,433.78,528.79,641.58,732.54,927.07,1127.1,1383.6,1600.61,9295.04
山东,济南,251.81,277.46,266.9,294.39,309.31,338.39,389.62,468.76,568.95,667.87,780.16,750.44,838.74,956.53,1091.32,1386.39,1554.87,11191.91
山东,济宁,387.77,413.09,439.75,480.93,540.16,618.98,755.73,949.69,1053.21,1234.5,1479.95,1770.12,1920.61,2164.07,2420.96,2741.73,3037.05,22408.3
山东,聊城,166.76,176.67,184.14,205.33,235.83,279.73,339.31,428.51,537.09,670.46,831.79,1013.79,1134.05,1333.25,1532.47,1704.06,1973.79,12747.03
山东,临沂,304.77,322,353.47,385.42,428.44,477.06,561.37,678.04,861.67,966.89,1156.43,1338.78,1457.4,1512.69,1641.6,1872.16,2100.47,16418.66
山东,青岛,347.28,430.33,445.96,520.86,614.77,727.4,879.96,1044.25,1362.35,1589.6,1880.23,2161.49,2351.83,2598.15,3103.53,3502.3,3099.91,26660.2
山东,日照,70.88,78.71,85.82,96.52,106.71,119.39,135.44,161.14,150.02,182.77,224.22,279.46,309.68,314.73,375.7,402.56,452.54,3546.29
山东,泰安,177.13,214.44,213.1,236.66,269.48,315.88,385.39,462.54,581.15,728.03,879.41,1085.02,1241.79,1491.7,1704.66,1921.3,2067.17,13974.85
山东,威海,359.52,400.65,372.66,411.96,458.77,515.53,617.68,729.7,851.75,997.09,1150.39,1315.3,1499.58,1549.9,1675.1,1874,1913.43,16693.01
山东,潍坊,520.72,570.35,485.14,531.43,592.97,656.79,755.77,928.44,1118.73,1316.89,1535.11,1843.49,2019.28,2314.29,2664.71,3009.79,3368.11,24232.01
山东,烟台,461.22,476.34,516.54,568.62,626.55,716.33,836.33,1038.06,1289.43,1558.61,1869.84,2238.77,2494.94,2658.48,2965.54,3160.58,3467.07,26943.25
山东,枣庄,95.86,105.23,102.38,110.51,123.49,140.53,190.11,252.43,319.89,377.68,404.06,477.13,545.21,633.92,728.13,830.85,902.64,6340.05
山东,淄博,84.07,93.13,91.94,105.18,119.49,136.83,170.49,214.6,274.85,318.32,384.63,482.96,542.17,625.47,716.7,780.84,862.35,6004.02
山东,汇总,3817.65,4202.45,4217.81,4696.46,5245.88,5998.22,7191.81,8856.6,10856.22,12929.87,15374.85,18130.94,20127.77,22621.3,25823.69,29239.63,31612.87,230944.02
山西,大同,36.92,39.17,30.53,34.05,30.1,42.46,49.72,61.15,71,76.26,97.51,115.59,108.1,132.03,165.22,179.36,193.03,1462.2
山西,晋城,102.44,109.94,117.07,104.45,110.21,118.08,142.84,168.75,214.41,296.41,341.48,431.39,487.85,581.28,715.87,805.54,812.96,5660.97
山西,晋中,103.47,109.75,104.67,103.61,114.96,129.17,157.76,197.93,264.94,308.78,375.69,475.58,516.83,619.87,715.9,795.53,812.63,5907.07
山西,临汾,118.23,131.82,132.49,128.1,145.61,172.93,228.92,297.77,407.42,463.47,521.56,588.26,594.43,706.82,907.67,977.55,988.64,7511.69
山西,吕梁,93.8,93.39,87.82,91.98,95.76,120.53,162.26,223.71,317.81,400.88,500.96,605.66,585.13,861.99,1150.67,1176.92,1259.52,7828.79
山西,朔州,36.59,36.19,34.02,41.09,38.97,50.84,58.4,66.11,83.32,116.13,160.98,197.73,244.13,285.95,367.59,441.05,480.06,2739.15
山西,太原,55.91,64.82,68.67,53.16,56.15,68,83.11,106.73,114.97,122.8,140.37,187.53,122.79,155.75,194.44,198.63,193.79,1987.62
山西,忻州,55.55,60.97,53.46,59.32,59.47,69.1,85.86,106.17,138.76,166.5,222.29,268.95,286.57,374.66,494.39,555.32,601.52,3658.86
山西,阳泉,25.02,27.67,28.45,23.97,24.73,27.14,30.21,40.18,60.8,73.47,85.02,100.19,113.21,147.76,178.35,206.3,218.99,1411.46
山西,运城,125.8,137.06,138.35,138.87,153.89,189.11,253.37,312.81,399.8,476.41,556.96,595.1,595.22,705.62,891.72,904.7,978.57,7553.36
山西,长治,81.04,88.61,89.59,87.06,93.79,111.34,150.09,191.93,241.24,291.44,361.25,484.92,545.94,674.92,924.84,999.92,976.48,6394.4
山西,汇总,834.77,899.39,885.12,865.66,923.64,1098.7,1402.54,1773.24,2314.47,2792.55,3364.07,4050.9,4200.2,5246.65,6706.66,7240.82,7516.19,52115.57
陕西,安康,37.08,39.64,41.39,45.88,46.25,51.16,56.81,66.54,84.68,98.54,117.98,149.54,181.89,217.67,269.88,350.89,418.11,2273.93
陕西,宝鸡,74.32,78.97,83.6,88.25,91.43,101.09,128.17,135.26,180.5,269.92,323.42,309.33,368.57,558.94,680.3,671.04,937,5080.11
陕西,汉中,81.63,88.73,91.36,92.77,100.8,108.9,129.41,135.4,167.16,191.45,227.24,275.76,324.75,401,516.55,623.34,714.16,4270.41
陕西,南平,19.13,20.44,21.85,,25.41,,30.83,34.94,37.57,43.31,,,69.49,,111.08,,,414.05
陕西,商洛,30.38,35.8,40.31,44.63,49.14,54.19,61.59,69.98,100.16,114.16,136.49,136.52,173.29,285.86,363.64,345.44,515.26,2556.84
陕西,铜川,7.27,8.03,8.91,9.54,10.22,12.43,14.93,20.31,27.76,34.24,40.99,7.81,10.48,96.3,122.48,21.21,166.48,619.39
陕西,渭南,104.68,94.16,98.16,103.7,111.16,118.57,139.03,169.56,215.23,244.62,282.11,347.37,443.14,543.79,697.72,837.69,950.85,5501.54
陕西,西安,78.11,91.92,99.44,87.61,99.34,110.19,116.96,181.35,189.44,231.59,198.34,254.53,309.39,653.64,790.56,544.3,998.88,5035.59
陕西,咸阳,89.41,100.67,109.32,111.54,123.94,137.48,147.52,176.03,242.8,277.73,337.68,457.65,534.33,673.05,825.98,984.86,1172.59,6502.58
陕西,延安,51.61,55.9,60.39,71.8,81.7,89.97,106.14,143.78,225.91,281.58,430.2,516.32,519.95,618.48,769.42,867.26,928.17,5818.58
陕西,榆林,45,51.91,54.72,65.16,76.86,99.46,119.42,161.55,268.94,378,594.45,898.63,1119.01,1507.66,1970.06,2370.9,2382.01,12163.74
陕西,汇总,621.31,669.14,712.32,723.92,819.62,887.29,1055.25,1300.42,1747.17,2173.48,2699.53,3368.39,4071.81,5579.46,7145.69,7651.8,9224.84,50451.44
上海,上海,191.91,214.81,233.05,259.83,291.3,330.73,402.66,489.88,593.94,727.33,900.29,144.13,170.65,687.9,224.1,236.3,897.14,6995.95
上海,汇总,191.91,214.81,233.05,259.83,291.3,330.73,402.66,489.88,593.94,727.33,900.29,144.13,170.65,687.9,224.1,236.3,897.14,6995.95
四川,阿坝,29.31,32.05,33.05,35.57,40.42,44.77,51.07,62.33,75.45,87.06,104.37,75.88,109,132.66,167.12,197.58,223.95,1501.64
四川,巴中,36.57,39.03,40.75,46.31,47.67,50.28,61.03,73.64,78.62,88.69,107.72,131.87,148.19,175.45,216.54,255.75,272.84,1870.95
四川,成都,469.9,524.42,564.7,643.12,714.52,799.9,891.69,1032.6,949.74,1099.89,1344.79,1162.59,1345.97,2307.88,2644.38,2324.66,3410.67,22231.42
四川,达州,134.16,138.18,151.78,163.45,179.08,198.29,224.09,274.3,292.38,342.98,436.28,519.9,580,697.23,863.88,977.83,1062.05,7235.86
四川,德阳,162.31,183.19,192.55,208.99,227.59,250.69,283.29,334.52,367.01,426,516.16,496.71,568.05,644.09,797.11,900.32,987.83,7546.41
四川,甘孜,22.58,23.54,20.66,24.48,27.86,31.53,35.18,41.84,50.06,60.17,78.35,93.1,103.73,123.13,152.27,174.44,201.12,1264.04
四川,广安,58.52,64.34,63.96,72.02,79.52,89.28,102.28,123.12,138.09,158.46,192.63,230.55,258.37,307.83,378.27,432.33,479.46,3229.03
四川,广元,50.15,51.14,50.79,51.27,46.79,50.87,57.56,70.29,79.83,91.43,114.56,129.52,149.34,172.81,212.3,243.84,271.03,1893.52
四川,乐山,67.55,72.38,78.39,85.8,97.27,110.01,126.79,152.81,170.82,198.54,244.55,299.21,324.86,385.33,472.45,530.95,578.79,3996.5
四川,凉山,114.34,123.18,132.72,141.97,157.78,175.01,198.43,244.27,299.53,359.6,450.57,561.05,627.31,784.2,1000.11,1122.65,1214.39,7707.11
四川,泸州,73.96,78.08,82.94,83.51,89.21,95.73,105.96,124.97,137.92,160.47,198.66,247.55,284.73,345.13,436.81,501.85,552.88,3600.36
四川,眉山,67.64,79.14,80,84.12,90.56,100.65,115.47,144.55,168.57,194.65,225.83,278.02,313.25,360.72,447.35,515.88,566.16,3832.56
四川,绵阳,147.3,158.58,167.91,178.67,190.46,210.11,230.93,269.78,266.85,305.27,374.02,393.28,433.78,512.21,635.35,722.72,755.53,5952.75
四川,南充,84.8,91.02,95.74,114.82,129.42,141.12,159.33,195.46,212.94,250.63,321.39,385.87,439.6,527.49,656.51,749.59,852.06,5407.79
四川,内江,72.27,78.45,82.86,89.96,98.62,109.83,123.28,148.94,158.96,188.66,234.1,305.64,354.08,436.21,543.58,619.58,678.58,4323.6
四川,攀枝花,13.43,14.39,19.27,21.18,25.97,33.19,39.14,49.52,61.19,71.76,78.41,96.92,94.6,128.6,165.76,195.74,211.94,1321.01
四川,遂宁,67.01,68.5,66.93,71.86,78.32,86.17,96.82,117.62,128.97,152.91,191.14,238.11,256.87,303.94,361.39,415.8,448.38,3150.74
四川,雅安,47.79,51.13,50.38,55.52,61.65,63.28,72.37,85.95,88.7,105.83,124.65,149.88,170.47,203.67,206.43,236,298.49,2072.19
四川,宜宾,91.37,102.5,109.53,117.12,132.26,148.94,167.91,202.42,206.37,238.95,302.87,384.31,437.57,546.23,712.92,727.85,877.09,5506.21
四川,资阳,98.4,95.05,96.98,99.37,105.9,117.04,138.15,170.6,178.93,208.72,257.84,321.92,365.46,443.32,565.69,667.07,740.49,4670.93
四川,自贡,55.39,59.3,61.18,61.31,67.02,74.12,83.06,102.69,97.66,110.93,137.83,169.79,188.93,224.94,275.34,315.28,352.7,2437.47
四川,汇总,1964.75,2127.59,2243.07,2450.42,2687.89,2980.81,3363.83,4022.22,4208.59,4901.6,6036.72,6671.67,7554.16,9763.07,11911.56,12827.71,15036.43,100752.09
天津,天津,222.28,222.5,239.14,256.9,292.23,334.3,394.02,447.4,369.72,425.71,470.81,678.78,806.87,904.83,1142.05,1401.52,1698.63,10307.69
天津,汇总,222.28,222.5,239.14,256.9,292.23,334.3,394.02,447.4,369.72,425.71,470.81,678.78,806.87,904.83,1142.05,1401.52,1698.63,10307.69
西藏,阿里,1.29,1.94,1.68,2.53,3.18,2.6,4.06,4.9,5.66,10.72,7.56,8.57,9.15,10.13,11.7,14,15.88,115.55
西藏,昌都,9.97,9.98,7.6,15.8,13.47,17.63,19.12,24.67,24.61,24.09,40.45,47.34,54.87,67.07,75.4,89.8,109.91,651.78
西藏,拉萨,4.01,6.35,5.72,9.11,8.76,10.32,12.62,18.5,19.49,23.97,29.2,29.71,39.8,43.2,52.3,67.3,84.94,465.3
西藏,林芝,4.61,7.44,9.45,4.83,12.27,14.49,17.55,21.39,13.94,28.7,33.14,38.84,44.74,53.63,61.5,72.3,81.82,520.64
西藏,那曲,3.63,6.28,5.43,6.37,8.76,8.76,10.91,13.18,15.34,20.45,26.14,28.89,30.76,33.34,45.5,50.6,42.73,357.07
西藏,日喀则,6.22,19.12,17.22,16.68,15.9,19.3,22.1,30.43,32.77,52.09,48.87,64.69,72.43,82.82,99.43,110.05,123.54,833.66
西藏,山南,4.11,7.05,6.32,5.32,10.8,13.25,15.84,19.22,26.44,28.61,33.34,40.27,46.34,53.55,63.3,72.3,84.24,530.3
西藏,汇总,34.86,60.02,65.52,62.9,75.5,88.57,103.56,135.53,141.71,192.87,223.75,263.77,304.17,350.46,418.23,487.25,552.76,3561.43
新疆,阿克苏,46.75,52.24,49.57,55.54,57.68,65.59,74.53,90.75,99.31,112.49,132.97,150.11,182.6,226.86,288.89,355.44,372.34,2413.66
新疆,阿勒泰,24.53,26.86,29.24,31.42,34.99,38,40.34,52.88,56.81,77.62,97.94,117.5,117.85,140.29,168.65,189.6,191.27,1435.79
新疆,巴音郭楞,94.82,94.9,108.59,138.55,144.99,156.03,196.95,241.83,325.55,413.47,470.5,586.59,525.3,640.2,817.54,908.23,1013.76,6877.8
新疆,博尔塔,11.71,13.85,19.44,21.95,24.58,22.48,27.97,37.75,41.07,63.14,73.71,88.2,100.03,131.26,150.93,122.31,,950.38
新疆,哈密,23.07,24.98,31.31,34.4,37.12,40.87,48.53,53.47,68.24,77.48,91.99,125.94,130.22,167.4,220.9,268.24,327.4,1771.56
新疆,和田,28.15,29.01,24.74,26.92,26.97,32.65,37.01,42.98,48.77,55.35,63.69,74.51,87.1,103.49,126.89,150.08,170.4,1128.71
新疆,吉昌,88.84,86.45,98.04,105.74,107.29,132.4,155.81,184.44,220.44,255.34,313.41,390.95,439.49,543.14,668.72,776.24,879.84,5446.58
新疆,喀什,68.66,70.3,67.67,74.27,79.34,89.25,99.98,111.93,131.61,164.24,216.46,277.64,326.44,334.91,420.14,517.49,619.46,3669.79
新疆,克孜勒,5.95,6.49,7.4,7.72,9.78,10.78,12.92,14.11,17.48,19.58,23.07,26.78,31.65,36.96,47.93,60.76,75.3,414.66
新疆,塔城,41.5,52.42,87.54,82.66,91.95,102.24,115.48,129.94,144.48,173.15,206.58,258.43,279.52,332.88,393.12,459.94,459.87,3411.7
新疆,吐鲁番,46.81,49.36,54.99,58.93,67.32,67.56,83.34,96.88,119.57,147.86,171.38,199.56,154.05,183.87,222.21,247.4,267.31,2238.4
新疆,伊犁,71.6,76.62,80.55,87.42,96.53,102.52,118.1,137.84,171.63,199.72,240.15,296.95,334.23,408.26,494.94,584.37,683.3,4184.73
新疆,汇总,585.12,636.08,731.03,787.78,810.96,922.35,1082.61,1319.14,1612,1952,2332.86,2754.98,3076.1,3637.93,4544.36,5293.39,5746.25,37824.94
云南,保山,34.25,36.88,39,41.24,44.21,47.2,51.17,57.83,69.27,79.7,95.9,113.37,129.91,155.49,198.82,239.78,280.05,1714.07
云南,楚雄,83.22,91.29,106.04,107.93,115.85,126.35,142.78,164.31,191.06,218.96,262.19,311.95,351.91,413.58,492.71,573.14,644.45,4397.72
云南,大理,106.36,115.88,128.55,134.28,150.45,163.37,179.71,191.86,227.39,263.39,309.45,358.9,398.29,464.4,569.87,701.57,798.49,5262.21
云南,德宏,33.16,34.17,34.55,36.69,38.21,38.39,41.74,49.17,58.98,70.65,84.33,99.6,116.02,140.63,172.62,201.94,232.25,1483.1
云南,迪庆,6.4,6.62,7.29,8.04,8.9,9.85,11.3,19.73,27.98,34.36,44.46,57.16,67.78,79.09,96.54,113.84,131.81,731.15
云南,红河,113.34,123.35,133.69,143.68,167.46,191.2,213.15,254.17,304.47,347.45,415.08,501.62,551.68,650.54,780.45,914.39,1029.05,6834.77
云南,昆明,120.34,129.41,135.34,142.37,150.09,161.51,181.19,204.96,256.35,294.07,348.27,416.36,467.03,533.74,642.02,808.64,929.87,5921.56
云南,丽江,23.86,26.6,28.71,30.81,33.31,36.86,28.22,33.18,39.74,45.74,55.29,66.04,75.78,93.68,117.9,138.96,168.75,1043.43
云南,临沧,41.9,47.48,48.59,52.73,57.96,64.33,70.75,82.11,95.67,114.22,132.62,130.91,151.57,209.71,279,368.73,431.04,2379.32
云南,怒江,8.3,9.13,9.99,10.87,11.37,12.96,14.04,16.27,24.3,42.74,47.42,42.34,44.16,51.37,59.71,69.08,79.11,553.16
云南,曲靖,99.71,120.76,130.43,140.23,152.67,176.86,194.38,236.66,306.65,364.84,445.11,530.25,577.78,684.34,839.81,970.53,1079.11,7050.12
云南,思茅,41.84,45.11,47.41,50.91,55.83,63.67,71.84,94.51,106.88,124.6,170.23,138.32,161.07,242.58,295.41,359.79,424.35,2494.35
云南,文山,32.37,38.04,41.57,45.8,51.92,58.77,67.08,88.27,112.1,133.23,161.86,189.88,211.56,253.3,307,363.74,415.03,2571.52
云南,西双版纳,37.23,38.75,41.45,44.17,46.15,50.08,57.65,68.07,77.71,92.12,108.87,124.79,143.14,166.21,200.62,238.7,280.12,1815.83
云南,玉溪,65.24,70.23,71.57,75.44,79.96,86.89,95.09,112.42,142.53,166.09,202.53,247.97,257.75,305.89,367.63,428.99,488.19,3264.41
云南,昭通,72.57,81.89,92.28,97.65,97.99,104.36,111.28,115.86,134.04,159.02,190.98,184.68,211.35,375.83,461.68,552.67,628.67,3672.8
云南,汇总,933.19,1030.37,1112.93,1180.51,1281.17,1413.16,1554.92,1817.71,2211.64,2593.96,3124.78,3573.12,3982.25,4896.25,5975.29,7157.49,8172.22,52010.96
浙江,杭州,512.45,566.14,639.58,704.72,803.88,926.4,1097.57,1308.93,1471.56,1753.46,2104.7,992.26,1017.68,1208.39,1429.19,4034.9,4301.62,24873.43
浙江,湖州,158.73,175.94,189.74,213.11,203.04,229.02,264.24,316.96,344.55,407.14,479.78,556.3,602.67,714.22,834.73,925.02,1007.14,7622.33
浙江,嘉兴,327.27,350.91,371.11,433.33,497.89,574.42,702.2,858.91,858.81,999.33,1179.85,1356.61,1435.84,1720.01,2006.84,2177.56,2367.43,18218.32
浙江,金华,370.27,394.5,387.27,431.54,478.75,539.91,637.56,777.75,858.32,994.58,1182.48,1359.52,1435.55,1707.01,1992.15,2195.97,2386.84,18129.97
浙江,丽水,87.78,90.95,97.53,107.25,118.38,138.14,166.3,197.9,222.48,256.72,313.71,371.74,401.73,486.17,588.37,662.35,735.95,5043.45
浙江,宁波,495.3,534.36,589.24,660.28,731.38,834.7,994.13,1175.81,1404.39,1697.81,2029.34,1712.64,1780.3,2100.84,2437.35,3670.78,3997.09,26845.74
浙江,衢州,129.14,136.94,145.57,158.63,170.46,185.92,217.36,228.51,308.38,319.33,390.07,475.89,515.69,621.19,734.24,797.13,987.51,6521.96
浙江,绍兴,533.62,593.18,635.39,650.86,675.53,760.25,876.14,1036.16,1199.34,1390.63,1635.36,1840.95,1970.66,2322.37,2779.61,3055.01,3297.32,25252.38
浙江,台州,302.54,329.75,368.12,418.91,461.07,527.14,608.2,723,781.55,914.22,1086.25,1250.15,1297.31,1543.84,1781.34,1846.41,2006.88,16246.68
浙江,温州,411.06,457.42,490.2,543.73,588.98,665.22,759.08,863.11,922.21,1054.88,1240.09,1409.36,1473.01,1730.15,1991.32,2153.85,2426.77,19180.44
浙江,汇总,3328.16,3630.09,3913.75,4322.36,4729.36,5381.12,6322.78,7487.04,8371.59,9788.1,11641.63,11325.42,11930.44,14154.19,16575.14,21518.98,23514.55,167934.7
重庆,重庆,662.62,700.4,714.74,768.96,847.93,957.33,1078.82,1280.21,1449.21,1588.11,1917.6,2355.34,2732.91,3443.31,4328.28,4824.75,5413.57,35064.09
重庆,汇总,662.62,700.4,714.74,768.96,847.93,957.33,1078.82,1280.21,1449.21,1588.11,1917.6,2355.34,2732.91,3443.31,4328.28,4824.75,5413.57,35064.09
总计,,42203.59,45837.91,47370.51,50492.35,54670.51,60684.76,69114.43,83178.47,95416.97,112610.66,136055.38,152785.45,172519.08,216389.22,255149.48,286519.63,329558,2210556.4
